indexer,text,date,ext
1a,Meeting this amazing person,14-feb-2020,jpeg
1b,Innocent meatballs before getting robbed,20-feb-2020,jpeg
1c,"Coders,coders,coders",22-feb-2020,jpeg
1d,Sporty!,23-feb-2020,jpeg
1e,Spittingly fun,28-feb-2020,jpeg
1f,Spring chills spring feels,22-mars-2020,JPG
1g,Beauty for the mindful observer,22-mars-2020,JPG
1h,Simon says why,25-mars-2020,jpeg
1i,She say why what,30-mars-2020,jpeg
1j,Sonfjället,11-apr-2020,jpeg
1k,One snowy glare,11-apr-2020,jpeg
1l,Vast and unforgiving north,11-apr-2020,jpeg
1m,Solo in Snow,12-apr-2020,JPEG
1n,Snowscape,12-apr-2020,JPEG
1o,Beauty between the blossoms,13-apr-2020,JPEG
1p,"friends, lovely friends",13-apr-2020,jpeg
1q,"alchoholic free, I swear and Sepideh for the first time",8-may-2020,jpeg
1r,Are we serious,14-may-2020,jpeg
1s,"Hello, beautifuls",15-may-2020,jpeg
1t,What a night!,15-may-2020,jpeg
1u,Skippers in the making,16-may-2020,jpeg
1v,Mah boys!,16-may-2020,jpeg
1w,Baller mode ON!,16-may-2020,jpeg
1x,StudyBuddy,17-may-2020,jpeg
1y,"ai,ai,captn",20-may-2020,JPEG
1z,"AI,AI,CAPTAIN",20-may-2020,JPEG
2a,Seaborn,20-may-2020,JPEG
2b,Is classical nautical navigation even a thing,20-may-2020,jpeg
2c,A grete day in the sea,20-may-2020,JPG
2d,and a grete captain,20-may-2020,JPG
2e,The crew,20-may-2020,jpeg
2f,"Really, first time achipelagoing",24-may-2020,jpeg
2g,YEEEES,24-may-2020,jpeg
2h,"Apparently, boating is happiness",24-may-2020,jpeg
2i,Something smells fishy,20-may-2020,JPEG
2j,Everything cool!,20-may-2020,jpeg
2k,"Im cool, kawaii",20-may-2020,jpeg
2l,life is good,20-may-2020,jpeg
2m,Ghetto old town,29-may-2020,jpeg
2n,"OMG, michelin",29-may-2020,jpeg
2o,Layered taste is a thing,29-may-2020,jpeg
2p,Sake!,29-may-2020,jpeg
2q,sesh-mode,30-may-2020,jpeg
2r,The suns not the only sunny thing,30-may-2020,jpeg
2s,Sky is shining bright,30-may-2020,JPEG
2t,Joy,1-jun-2020,JPEG
2u,Am I strong or you small,1-jun-2020,JPEG
2v,Tickles even before the drive,9-jun-2020,jpeg
2w,must have said something funny,9-jun-2020,jpeg
2x,Pool day,13-jun-2020,jpeg
2y,Be cool be in the pool,13-jun-2020,jpeg
2z,ohh boating with ladies,14-jun-2020,JPEG
3a,"Pauline-Ohh, this is gonna be a nice day",14-jun-2020,JPEG
3b,blinding lights,14-jun-2020,jpeg
3c,"ohh, these vetekatten girls",14-jun-2020,jpeg
3d,Skip girl,14-jun-2020,JPEG
3e,Sea sure is fun,14-jun-2020,jpeg
3f,stopover at Runemarö,14-jun-2020,jpeg
3g,All happy and good,14-jun-2020,jpeg
3h,The sea men,14-jun-2020,jpeg
3i,life,14-jun-2020,jpeg
3j,"Swear, that hurt",14-jun-2020,JPG
3k,LIFE,14-jun-2020,jpeg
3l,As smooth as soothed souls,14-jun-2020,jpeg
3m,Mom thinks you are a grete person,17-jun-2020,jpeg
3n,"R1, making the world smaller",19-jun-2020,jpeg
3o,"So, I always look hysterical",19-jun-2020,jpeg
3p,Enter the fjäll,19-jun-2020,jpeg
3q,The tallest,19-jun-2020,JPG
3r,Midnight mountaineering,19-jun-2020,JPG
3s,It is rocky,20-jun-2020,jpeg
3t,zen,20-jun-2020,JPEG
3u,Midnight landscape,20-jun-2020,jpeg
3v,Midnight manscape,20-jun-2020,JPG
3w,The night is dark and full of terror,20jun-2020,JPG
3x,Garden of Eden,20-jun-2020,JPG
3y,Pro selfie,20-jun-2020,jpeg
3z,The great pyramids of fjället,20-jun-2020,jpeg
4a,More pro selfie,20-jun-2020,jpeg
4b,The cross of nowhereland again,21-jun-2020,jpeg
4c,Destination goal,21-jun-2020,JPEG
4d,"Whatever happens, the river will keep flowing",21-jun-2020,JPEG
4e,The end of Fulufjället,21-jun-2020,JPEG
4f,Drive baby,26-jun-2020,JPEG
4g,DRIVE BABY,26-jun-2020,JPEG
4h,Great cooks enjoys cooking,1-jul-2020,JPEG
4i,Navid,2-jul-2020,JPEG
4j,More hiking,4-jul-2020,jpeg
4k,Delicious,6-jul-2020,JPEG
4l,Makkish,11-jul-2020,JPEG
4m,Boomstick,11-jul-2020,JPEG
4n,That landet feeling,11-jul-2020,JPEG
4o,My big guy,11-jul-2020,JPEG
4p,Sensing storm,11-jul-2020,jpeg
4q,A sunshine and a rainbow,11-jul-2020,jpeg
4r,The sun shines bright,11-jul-2020,jpeg
4s,"Double rainbow, double rainbow",11-jul-2020,JPEG
4t,Sweet summer,11-jul-2020,JPEG
4u,Just cookin,11-jul-2020,jpeg
4v,Granny,17-jul-2020,jpeg
4w,Breaking bad,17-jul-2020,jpeg
4x,Happiness runs in the genes,17-jul-2020,jpeg
4y,What did I say,17-jul-2020,jpeg
4z,Staph lafing,17-jul-2020,jpeg
5a,Generations,17-jul-2020,jpeg
5b,Little cus n dinner friend,17-jul-2020,jpeg
5c,Meatarians,17-jul-2020,jpeg
5d,And pescatarian,17-jul-2020,jpeg
5e,Meatarians and pescatarian,17-jul-2020,jpeg
5f,"Granny, ya been forging me ever since",17-jul-2020,jpeg
5g,An extra to a reunion,17-jul-2020,jpeg
5h,Reunion without an extra,17-jul-2020,jpeg
5i,"Random, just to random",17-jul-2020,jpeg
5j,Sweet memories,17-jul-2020,jpeg
5k,family time,18-jul-2020,JPEG
5l,"Hey, we made it to Öland",20-jul-2020,JPEG
5m,Selfie is love,20-jul-2020,jpeg
5n,Just sneeking up one someones moment,20-jul-2020,JPEG
5o,AND taking thier spot,20-jul-2020,jpeg
5p,Fine ass flowers for a fine ass friend,21-jul-2020,jpg
5q,"Believe it or not, it is almost at the center of Stockholm",21-jul-2020,JPEG
5r,Heading up north,24-jul-2020,JPEG
5s,The calm before the storm,25-jul-2020,JPEG
5t,Little did we know what lied ahead of us,25-jul-2020,JPEG
5u,Beneath the heights,25-jul-2020,jpeg
5v,"Land, water, air",25-jul-2020,JPEG
5w,We have got thiz,25-jul-2020,jpeg
5x,EZ,25-jul-2020,JPEG
5y,Reaching the kaise,25-jul-2020,jpeg
5z,Fjällhousing for the fancy peeps,25-jul-2020,JPEG
6a,The fjällstation,25-jul-2020,JPEG
6b,"Now, let us find our path",25-jul-2020,jpg
6c,Camping at basecamp,25-jul-2020,jpeg
6d,Let the climb begin,26-jul-2020,jpeg
6e,Magnificient views,26-jul-2020,jpeg
6f,GRETE views,26-jul-2020,jpeg
6g,Keep climbing,26-jul-2020,jpeg
6h,n restin,26-jul-2020,jpeg
6i,repeat,26-jul-2020,jpeg
6j,"Me, kim-jong-style",26-jul-2020,JPEG
6k,Rest n repeat,26-jul-2020,jpeg
6l,At the top,27-jul-2020,JPEG
6m,Victory!,27-jul-2020,JPEG
6n,To become one with the rocks,27-jul-2020,JPEG
6o,Ascent,27-jul-2020,JPEG
6p,A pilgrimage,27-jul-2020,jpeg
6q,"Enough, is enough",27-jul-2020,jpeg
6r,Enough is helicopter,27-jul-2020,JPEG
6s,HeliViews,27-jul-2020,JPEG
6t,HeliBlondie,27-jul-2020,JPEG
6u,"Alas, the journey came to an end",27-jul-2020,jpeg
6v,What is this,28-jul-2020,jpeg
6w,"OMG, the real polarcircle",28-jul-2020,jpeg
6x,Castle made of ice,28-jul-2020,jpeg
6y,Giant broccoli,28-jul-2020,JPEG
6z,Giant broccoli statue,28-jul-2020,jpeg
7a,Gotland by MC is dreamy,4-aug-2020,JPEG
7b,Yo,4-aug-2020,jpeg
7c,"Muscles, but not from Brussels",4-aug-2020,JPEG
7d,Hunks and hunkdories,4-aug-2020,JPEG
7e,More grete adventures,4-aug-2020,JPEG
7f,Rauks,4-aug-2020,JPEG
7g,Always grete adventures,4-aug-2020,JPEG
7h,Photo sesh,4-aug-2020,JPEG
7i,Me sesh,4-aug-2020,JPEG
7j,"Feels, just feels",4-aug-2020,jpeg
7k,Just for looks,4-aug-2020,jpeg
7l,Should have been a Ducati thought,4-aug-2020,jpeg
7m,Fake-Rossi-mode,4-aug-2020,jpeg
7n,Top of the Visby,5-aug-2020,jpeg
7o,"Hmm, perhaps should have got those glajjor",5-aug-2020,JPEG
7p,More hunks and hunkydories,6-aug-2020,jpeg
7q,Abs and abdominals,6-aug-2020,jpeg
7r,Some fine ass pizza,6-aug-2020,JPEG
7s,A fine evening,6-aug-2020,jpeg
7t,Fine dining,6-aug-2020,jpeg
7u,Everythings just fine,6-aug-2020,JPEG
7v,The photogenic cat,6-aug-2020,jpg
7w,Goatland,7-aug-2020,JPEG
7x,Bogumils garden,7-aug-2020,jpeg
7y,Sweets in the garden,7-aug-2020,jpeg
7z,Heavenly dawn,7-aug-2020,jpeg
8a,Evening shines,7-aug-2020,jpeg
8b,Night shines,7-aug-2020,jpeg
8c,"Bogumil, such a cool name",8-aug-2020,jpeg
8d,Sea loot,8-aug-2020,jpeg
8e,Something is fishy,8-aug-2020,jpeg
8f,Bread bae,8-aug-2020,jpeg
8g,Photo-level asian,8-aug-2020,jpeg
8h,"Stasians, the stylish asians",8-aug-2020,JPEG
8i,The original steampunk,8-aug-2020,jpeg
8j,The asian steam punk,8-aug-2020,jpeg
8k,When to sky shines too bright,8-aug-2020,jpeg
8l,Rauk passing,8-aug-2020,JPEG
8m,Is it called bear berry in engrish,8-aug-2020,JPEG
8n,Exploring the goatland,8-aug-2020,jpeg
8o,Goats in goatland,8-aug-2020,jpeg
8p,Views in goatland,8-aug-2020,jpeg
8q,Sky in goatland,8-aug-2020,jpeg
8r,"herbs, perhaps some special herbs",8-aug-2020,jpeg
8s,The feel good team,8-aug-2020,jpeg
8t,Kung-fu kid,8-aug-2020,JPG
8u,"SUP, SUP",12-aug-2020,JPEG
8v,SUP-crew,12-aug-2020,JPEG
8w,Boatin with blondies,13-aug-2020,JPEG
8x,Cheers for boat-life,13-aug-2020,JPEG
8y,Under the bridge down town,13-aug-2020,JPEG
8z,Just enjoy the ride,13-aug-2020,JPG
9a,Boat moments,13-aug-2020,JPG
9b,"Arepa, the Venezuelan specialy",14-aug-2020,JPEG
9c,Pooling,15-aug-2020,JPEG
9d,Broing,15-aug-2020,JPEG
9e,Reichtag,21-aug-2020,jpeg
9f,For the fallen,21-aug-2020,jpeg
9g,"At the gate, the Brandenburg gate",21-aug-2020,JPEG
9h,Rebellious street,22-aug-2020,jpeg
9i,Test the rest,22-aug-2020,jpeg
9j,"Artsy, smirky",22-aug-2020,jpeg
9k,Urban trekking,22-aug-2020,JPEG
9l,Fender and,4-sep-2020,jpeg
9m,Brazilian senorita inviting for brazilian specialities,27-aug-2020,JPEG
9n,Sick time is code time,5-sep-2020,JPEG
