text,date,ext
Meeting this amazing person,14-feb-2020,jpeg
Innocent meatballs before getting robbed,20-feb-2020,jpeg
"Coders,coders,coders",22-feb-2020,jpeg
Sporty!,23-feb-2020,jpeg
Spittingly fun,28-feb-2020,jpeg
Moments just before someone spit on the floor,28-feb-2020,JPEG
"GTL, gym tan laundry bros",29-feb-2020,JPEG
"I do not remember you, but this dude is oddly familiar",7-mars-2020,JPEG
Photo bombing,7-mars-2020,JPEG
Photo bombing deluxe ,7-mars-2020,JPEG
Can I keep to the same topic of discussion,8-mars-2020,JPEG
Team Cronona,15-mars-2020,JPG
Norona mask,18-mars-2020,JPEG
Ghetto work,18-mars-2020,JPEG
The benevolent family,21-mars-2020,JPEG
Spring chills spring feels,22-mars-2020,JPG
Beauty for the mindful observer,22-mars-2020,JPG
Nemahahaha,22-mars-2020,JPEG
Corona makes you VIP,29-mars-2020,JPEG
Simon says why,25-mars-2020,jpeg
She say why what,30-mars-2020,jpeg
Sonfjället,11-apr-2020,jpeg
One snowy glare,11-apr-2020,jpeg
Whitness,11-apr-2020,jpg
Vast and unforgiving north,11-apr-2020,jpeg
Solo in Snow,12-apr-2020,JPEG
Snowscape,12-apr-2020,JPEG
More snowscape,12-apr-2020,JPEG
Snowstorm! ,12-apr-2020,jpg
Blotting out the sun,12-apr-2020,jpg
Snowstorm kitter yaooo,12-apr-2020,jpeg
"Snowstorm no probs, snowstorm company",12-apr-2020,JPG
Post apocalyptic,12-apr-2020,jpeg
The end of the tunnel is bright,12-apr-2020,JPEG
The night is dark and full of terror,13-apr-2020,JPEG
Or it could be pleasant night walk n talk with lil sis,13-apr-2020,jpg
Beauty between the blossoms,13-apr-2020,JPEG
"friends, lovely friends",13-apr-2020,jpeg
Jonas n rich goes banans,16-apr-2020,JPG
Simon twins,19-apr-2020,JPEG
Focus n fika,19-apr-2020,JPEG
"OMG, son just bought this death machine ",26-apr-2020,JPEG
"alchoholic free, I swear and Sepideh for the first time",8-may-2020,jpeg
Are we serious,14-may-2020,jpeg
"Hello, beautifuls",15-may-2020,jpeg
What a night!,15-may-2020,jpeg
Skippers in the making,16-may-2020,jpeg
Mah boys!,16-may-2020,jpeg
Baller mode ON!,16-may-2020,jpeg
StudyBuddy,17-may-2020,jpeg
"ai,ai,captn",20-may-2020,JPEG
"AI,AI,CAPTAIN",20-may-2020,JPEG
Seaborn,20-may-2020,JPEG
Is classical nautical navigation even a thing,20-may-2020,jpeg
A grete day in the sea,20-may-2020,JPG
and a grete captain,20-may-2020,JPG
The crew,20-may-2020,jpeg
Big Mac,22-may-2020,JPEG
Chill mac,22-may-2020,JPEG
"Really, first time achipelagoing",24-may-2020,jpeg
YEEEES,24-may-2020,jpeg
"Apparently, boating is happiness",24-may-2020,jpeg
Something smells fishy,20-may-2020,JPEG
Everything cool!,20-may-2020,jpeg
"First dip, cooold",24-may-2020,JPEG
Blissful  rush,24-may-2020,JPG
Happy,24-may-2020,JPEG
"Im cool, kawaii",20-may-2020,jpeg
What is next,24-may-2020,JPEG
life is good,20-may-2020,jpeg
More makkish time ,29-may-2020,JPEG
Ghetto old town,29-may-2020,jpeg
"OMG, michelin",29-may-2020,jpeg
Layered taste is a thing,29-may-2020,jpeg
Sake!,29-may-2020,jpeg
sesh-mode,30-may-2020,jpeg
The suns not the only sunny thing,30-may-2020,jpeg
Sky is shining bright,30-may-2020,JPEG
"Apparently, I look like a couple with everyone",30-may-2020,JPEG
Buns that never happened,30-may-2020,JPEG
Joy,1-jun-2020,JPEG
Am I strong or you small,1-jun-2020,JPEG
Eimecke,6-jun-2020,JPEG
Gymnastics girls,6-jun-2020,JPEG
Breeh,6-jun-2020,JPEG
Whats cookin,7-jun-2020,jpg
Quality and quantity,7-jun-2020,jpg
Cheerleading,7-jun-2020,jpg
Gotta colab,7-jun-2020,jpg
Tickles even before the drive,9-jun-2020,jpeg
must have said something funny,9-jun-2020,jpeg
"Pauline, always be smiling",9-jun-2020,JPEG
These girls,9-jun-2020,JPEG
Cake with Parul,11-jun-2020,JPEG
Guys being guys,12-jun-2020,JPEG
Pool day,13-jun-2020,jpeg
Be cool be in the pool,13-jun-2020,jpeg
Pool crue,13-jun-2020,JPEG
"Are we hangry, happy-angry",14-jun-2020,JPEG
ohh boating with ladies,14-jun-2020,JPEG
"Pauline-Ohh, this is gonna be a nice day",14-jun-2020,JPEG
Bumpy,14-jun-2020,jpg
blinding lights,14-jun-2020,jpeg
"ohh, these vetekatten girls",14-jun-2020,jpeg
Skip girl,14-jun-2020,JPEG
Sea sure is fun,14-jun-2020,jpeg
stopover at Runemarö,14-jun-2020,jpeg
All happy and good,14-jun-2020,jpeg
Do not pry,14-jun-2020,JPEG
Giddy up,14-jun-2020,jpg
The sea men,14-jun-2020,jpeg
Catch of the day,14-jun-2020,jpg
life,14-jun-2020,jpeg
"Swear, that hurt",14-jun-2020,JPG
LIFE,14-jun-2020,jpeg
As smooth as soothed souls,14-jun-2020,jpeg
Mom thinks you are a grete person,17-jun-2020,jpeg
Mini-Johan,18-jun-2020,jpg
"R1, making the world smaller",19-jun-2020,jpeg
"So, I always look hysterical",19-jun-2020,jpeg
Enter the fjäll,19-jun-2020,jpeg
The tallest,19-jun-2020,JPG
Midnight mountaineering,19-jun-2020,JPG
It is rocky,20-jun-2020,jpeg
zen,20-jun-2020,JPEG
Midnight landscape,20-jun-2020,jpeg
Midnight manscape,20-jun-2020,JPG
The night is dark and full of terror,20jun-2020,JPG
Garden of Eden,20-jun-2020,JPG
Pro selfie,20-jun-2020,jpeg
The great pyramids of fjället,20-jun-2020,jpeg
More pro selfie,20-jun-2020,jpeg
The cross of nowhereland again,21-jun-2020,jpeg
Midsummer snow,21-jun-2020,JPG
Destination goal,21-jun-2020,JPEG
"Whatever happens, the river will keep flowing",21-jun-2020,JPEG
The end of Fulufjället,21-jun-2020,JPEG
So you wanna learn to lift,24-jun-2020,JPG
Drive baby,26-jun-2020,JPEG
DRIVE BABY,26-jun-2020,JPEG
Teaching my neightbour to mc,26-jun-2020,JPEG
Too many abs,27-jun-2020,JPEG
Inspoluencer,27-jun-2020,JPEG
Brorona,27-jun-2020,JPEG
Those bros,27-jun-2020,JPEG
Teaching the dog to swim 101,27-jun-2020,JPEG
"Swear blondie is not my gf and this girl is not my date, sure bro",30-jun-2020,JPEG
Great cooks enjoys cooking,1-jul-2020,JPEG
Navid,2-jul-2020,JPEG
More hiking,4-jul-2020,jpeg
Delicious,6-jul-2020,JPEG
Boomerang it,6-jul-2020,JPEG
Mom,10-jul-2020,jpg
Stupidass son,10-jul-2020,jpg
The computational political scientist and blondie,11-jul-2020,JPEG
Makkish,11-jul-2020,JPEG
Boomstick,11-jul-2020,JPEG
That landet feeling,11-jul-2020,JPEG
My big guy,11-jul-2020,JPEG
Sensing storm,11-jul-2020,jpeg
A sunshine and a rainbow,11-jul-2020,jpeg
The sun shines bright,11-jul-2020,jpeg
"Double rainbow, double rainbow",11-jul-2020,JPEG
Sweet summer,11-jul-2020,JPEG
Just cookin,11-jul-2020,jpeg
Granny,17-jul-2020,jpeg
Breaking bad,17-jul-2020,jpeg
Happiness runs in the genes,17-jul-2020,jpeg
What did I say,17-jul-2020,jpeg
Staph lafing,17-jul-2020,jpeg
Generations,17-jul-2020,jpeg
Little cus n dinner friend,17-jul-2020,jpeg
Meatarians,17-jul-2020,jpeg
And pescatarian,17-jul-2020,jpeg
Meatarians and pescatarian,17-jul-2020,jpeg
"Granny, ya been forging me ever since",17-jul-2020,jpeg
An extra to a reunion,17-jul-2020,jpeg
Reunion without an extra,17-jul-2020,jpeg
"Random, just to random",17-jul-2020,jpeg
Sweet memories,17-jul-2020,jpeg
family time,18-jul-2020,JPEG
"Hey, we made it to Öland",20-jul-2020,JPEG
Selfie is love,20-jul-2020,jpeg
Just sneeking up one someones moment,20-jul-2020,JPEG
AND taking thier spot,20-jul-2020,jpeg
Fine ass flowers for a fine ass friend,21-jul-2020,jpg
"Believe it or not, it is almost at the center of Stockholm",21-jul-2020,JPEG
Heading up north,24-jul-2020,JPEG
The calm before the storm,25-jul-2020,JPEG
Little did we know what lied ahead of us,25-jul-2020,JPEG
Beneath the heights,25-jul-2020,jpeg
"Land, water, air",25-jul-2020,JPEG
We have got thiz,25-jul-2020,jpeg
EZ,25-jul-2020,JPEG
Reaching the kaise,25-jul-2020,jpeg
Fjällhousing for the fancy peeps,25-jul-2020,JPEG
The fjällstation,25-jul-2020,JPEG
"Now, let us find our path",25-jul-2020,jpg
Camping at basecamp,25-jul-2020,jpeg
Let the climb begin,26-jul-2020,jpeg
Magnificient views,26-jul-2020,jpeg
GRETE views,26-jul-2020,jpeg
Keep climbing,26-jul-2020,jpeg
n restin,26-jul-2020,jpeg
repeat,26-jul-2020,jpeg
"Me, kim-jong-style",26-jul-2020,JPEG
Rest n repeat,26-jul-2020,jpeg
At the top,27-jul-2020,JPEG
Victory!,27-jul-2020,JPEG
To become one with the rocks,27-jul-2020,JPEG
Ascent,27-jul-2020,JPEG
A pilgrimage,27-jul-2020,jpeg
"Enough, is enough",27-jul-2020,jpeg
Enough is helicopter,27-jul-2020,JPEG
HeliViews,27-jul-2020,JPEG
HeliBlondie,27-jul-2020,JPEG
"Alas, the journey came to an end",27-jul-2020,jpeg
What is this,28-jul-2020,jpeg
"OMG, the real polarcircle",28-jul-2020,jpeg
Castle made of ice,28-jul-2020,jpeg
Giant broccoli,28-jul-2020,JPEG
Giant broccoli statue,28-jul-2020,jpeg
Gotland by MC is dreamy,4-aug-2020,JPEG
Yo,4-aug-2020,jpeg
"Muscles, but not from Brussels",4-aug-2020,JPEG
Hunks and hunkdories,4-aug-2020,JPEG
More grete adventures,4-aug-2020,JPEG
Rauks,4-aug-2020,JPEG
Always grete adventures,4-aug-2020,JPEG
Photo sesh,4-aug-2020,JPEG
Me sesh,4-aug-2020,JPEG
"Feels, just feels",4-aug-2020,jpeg
Just for looks,4-aug-2020,jpeg
Should have been a Ducati thought,4-aug-2020,jpeg
Fake-Rossi-mode,4-aug-2020,jpeg
Top of the Visby,5-aug-2020,jpeg
"Hmm, perhaps should have got those glajjor",5-aug-2020,JPEG
More hunks and hunkydories,6-aug-2020,jpeg
Abs and abdominals,6-aug-2020,jpeg
Some fine ass pizza,6-aug-2020,JPEG
A fine evening,6-aug-2020,jpeg
Fine dining,6-aug-2020,jpeg
Everythings just fine,6-aug-2020,JPEG
The photogenic cat,6-aug-2020,jpg
Goatland,7-aug-2020,JPEG
Bogumils garden,7-aug-2020,jpeg
Sweets in the garden,7-aug-2020,jpeg
Heavenly dawn,7-aug-2020,jpeg
Evening shines,7-aug-2020,jpeg
Night shines,7-aug-2020,jpeg
"Bogumil, such a cool name",8-aug-2020,jpeg
Sea loot,8-aug-2020,jpeg
Something is fishy,8-aug-2020,jpeg
Bread bae,8-aug-2020,jpeg
Photo-level asian,8-aug-2020,jpeg
"Stasians, the stylish asians",8-aug-2020,JPEG
The original steampunk,8-aug-2020,jpeg
The asian steam punk,8-aug-2020,jpeg
When to sky shines too bright,8-aug-2020,jpeg
Rauk passing,8-aug-2020,JPEG
The Manloon,8-aug-2020,jpg
Is it called bear berry in engrish,8-aug-2020,JPEG
Exploring the goatland,8-aug-2020,jpeg
Goats in goatland,8-aug-2020,jpeg
Views in goatland,8-aug-2020,jpeg
Sky in goatland,8-aug-2020,jpeg
Grete times in goatland,8-aug-2020,jpeg
"herbs, perhaps some special herbs",8-aug-2020,jpeg
The feel good team,8-aug-2020,jpeg
Kung-fu kid,8-aug-2020,JPG
kiddos,9-aug-2020,JPEG
Kids being kids,9-aug-2020,JPEG
Daddy being daddy,9-aug-2020,JPEG
"SUP, SUP",12-aug-2020,JPEG
SUP-crew,12-aug-2020,JPEG
Boatin with blondies,13-aug-2020,JPEG
Cheers for boat-life,13-aug-2020,JPEG
Under the bridge down town,13-aug-2020,JPEG
Just enjoy the ride,13-aug-2020,JPG
Boat moments,13-aug-2020,JPG
"Arepa, the Venezuelan specialy",14-aug-2020,JPEG
Pooling,15-aug-2020,JPEG
Broing,15-aug-2020,JPEG
Reichtag,21-aug-2020,jpeg
For the fallen,21-aug-2020,jpeg
"At the gate, the Brandenburg gate",21-aug-2020,JPEG
"Albatross bakery, cookies!",22-aug-2020,jpeg
Rebellious street,22-aug-2020,jpeg
Test the rest,22-aug-2020,jpeg
"Artsy, smirky",22-aug-2020,jpeg
Urban trekking,22-aug-2020,JPEG
Grete joy!,22-aug-2020,JPEG
Fender and,4-sep-2020,jpeg
Brazilian senorita inviting for brazilian specialities,27-aug-2020,JPEG
Sick time is code time,5-sep-2020,JPEG
